ds,CPU,MEM,smoothed_CPU,smoothed_MEM
2023-05-14 10:09:00,32.0,1217.04,32.0,1217.04
2023-05-14 10:09:30,32.0,1.662,32.0,577.3673684210527
2023-05-14 10:10:00,32.0,1.673,32.0,364.93402214022143
2023-05-14 10:10:30,32.0,1.747,32.0,259.32569933120095
2023-05-14 10:11:00,32.0,1.7080000000000002,32.0,196.4169304778882
2023-05-14 10:11:30,34.0,1.649,32.426840589979065,154.8495013007967
2023-05-14 10:12:00,32.0,0.075,32.345023826770436,125.18233978674846
2023-05-14 10:12:30,32.0,0.061,32.28444367531499,103.21322018842852
2023-05-14 10:13:00,34.0,0.043,32.56449814887785,86.37128892304727
2023-05-14 10:13:30,34.0,0.048,32.78489648043969,73.11772966173542
2023-05-14 10:14:00,42.0,1315.463,34.127835247353225,254.16763560012694
2023-05-14 10:14:30,46.0,2605.877,35.782329872790434,581.8998213518895
2023-05-14 10:15:00,44.00000000000001,2444.45,36.884169815335795,831.6338883150217
2023-05-14 10:15:30,44.00000000000001,2509.53,37.80682726322639,1049.1943561813391
2023-05-14 10:16:00,46.0,2596.071,38.83857153254617,1243.9883833402237
2023-05-14 10:16:30,46.0,2591.299,39.71760015830196,1409.3638535010978
2023-05-14 10:17:00,48.0,2585.003,40.711613564310916,1550.4583544409677
2023-05-14 10:17:30,46.0,2507.838,41.33384595103519,1663.1037953711577
2023-05-14 10:18:00,42.0,1355.701,41.41086556351264,1627.562400387876
2023-05-14 10:18:30,42.0,1272.684,41.47793281981521,1587.1629276003594
2023-05-14 10:19:00,40.0,2.291,41.31198128909776,1409.2036057353214
2023-05-14 10:19:30,40.0,2.382,41.16645184388205,1253.1541487031009
2023-05-14 10:20:00,40.0,2.383,41.03846309596592,1115.9134781244047
2023-05-14 10:20:30,38.0,2.255,40.70827919068374,994.8943662102502
2023-05-14 10:21:00,38.0,2.36,40.41650485044351,887.9644526094149
2023-05-14 10:21:30,38.0,2.415,40.158162665260036,793.2926870496824
2023-05-14 10:22:00,38.0,2.462,39.929021924948216,709.327037931184
2023-05-14 10:22:30,36.00000000000001,0.166,39.514421729351575,634.4945960023546
2023-05-14 10:23:00,34.0,0.16,38.935722057081975,567.9256535397338
2023-05-14 10:23:30,34.0,0.168,38.42030053609935,508.6365546089924
2023-05-14 10:24:00,32.0,0.18,37.752804131320616,455.77408808123647
2023-05-14 10:24:30,32.0,0.163,37.15706802385486,408.59292739231097
2023-05-14 10:25:00,32.0,1303.934,36.62491604676639,500.98215316027927
2023-05-14 10:25:30,30.0,1301.344,35.94347153565262,583.3080548900103
2023-05-14 10:26:00,28.0,1234.309,35.12873013793903,650.0795435963274
2023-05-14 10:26:30,28.0,1319.705,34.3994270937769,718.5854169221539
2023-05-14 10:27:00,28.0,1320.086,33.746240664018984,779.9802906507709
2023-05-14 10:27:30,30.0,1288.208,33.36465339168585,831.7477137096607
2023-05-14 10:28:00,30.0,1273.224,33.02256994656331,876.6324942125448
2023-05-14 10:28:30,30.0,2548.033,32.715778300499096,1046.2800859865988
2023-05-14 10:29:00,30.0,2577.339,32.44053901880595,1201.4501731934538
2023-05-14 10:29:30,30.0,1238.783,32.19352777101087,1205.2286942751264
2023-05-14 10:30:00,30.0,2439.025,31.971785664243892,1329.9522540897674
2023-05-14 10:30:30,30.0,2528.964,31.772676186409957,1451.0275854374538
2023-05-14 10:31:00,30.0,2485.936,31.593847759776363,1555.429644259541
2023-05-14 10:31:30,30.0,2594.1220000000008,31.433201077245506,1660.1212499015219
2023-05-14 10:32:00,200.0,2764.327,48.4099002994987,1771.3280178932105
2023-05-14 10:32:30,380.0,2786.46,81.78124161710151,1873.491248604556
2023-05-14 10:33:00,580.0,1518.1270000000006,131.89006144796065,1837.7501553437335
2023-05-14 10:33:30,740.0,1568.807,193.01608508832433,1810.7165145014235
2023-05-14 10:34:00,900.0,1683.787,264.04393198019847,1797.9644137365942
2023-05-14 10:34:30,880.0,2039.551,325.89775113267575,1822.2243468588388
2023-05-14 10:35:00,920.0,3808.931,385.53202808814814,2021.644253126788
2023-05-14 10:35:30,860.0,3635.889,433.13980583402406,2183.6164191866396
2023-05-14 10:36:00,960.0,3560.168,485.98665155772835,2321.6917754718556
2023-05-14 10:36:30,960.0,3476.898,533.5181717874507,2437.5296695124025
2023-05-14 10:37:00,980.0,3477.756,578.2766858993338,2541.809355606406
2023-05-14 10:37:30,960.0,3502.7990000000004,616.5338921163361,2638.1219926392964
2023-05-14 10:38:00,980.0,3499.818,652.9532205806652,2724.463990552662
2023-05-14 10:38:30,1000.0,3586.189000000001,687.720375458012,2810.7916231423264
2023-05-14 10:39:00,1200.0,1971.191,739.0313235842639,2726.695551471817
2023-05-14 10:39:30,1320.0,380.016,797.2128790379138,2491.6855208136376
2023-05-14 10:40:00,1520.0,422.241,869.5864019333978,2284.4696116415425
2023-05-14 10:40:30,1580.0,397.115,940.7116196846,2095.5113652171053
2023-05-14 10:41:00,1580.0,394.476,1004.7083657264787,1925.2271372723617
2023-05-14 10:41:30,1560.0,388.611,1060.29061047274,1771.4186356646157
2023-05-14 10:42:00,1560.0,377.667,1110.3045366178355,1631.9235754723684
2023-05-14 10:42:30,1560.0,379.855,1155.3088962589263,1506.6197886783707
2023-05-14 10:43:00,1560.0,378.454,1195.8062008001289,1393.7246123457933
2023-05-14 10:43:30,1560.0,386.836,1232.248414636844,1292.9726220552573
2023-05-14 10:44:00,1560.0,380.3,1265.0420661977896,1201.6538632955344
2023-05-14 10:44:30,1560.0,378.92,1294.5528371437645,1119.3386996509025
2023-05-14 10:45:00,1580.0,381.856,1323.1105979264844,1045.5567278586934
2023-05-14 10:45:30,1580.0,378.923,1348.8101031571766,978.8659386016208
2023-05-14 10:46:00,1580.0,375.716,1371.9376497673918,918.5286206285909
2023-05-14 10:46:30,1580.0,382.961,1392.7508153590982,864.9540187785344
2023-05-14 10:47:00,1580.0,379.596,1411.4813471888756,816.4036668130319
2023-05-14 10:47:30,1580.0,382.86300000000006,1428.3377590084485,773.0379034484064
2023-05-14 10:48:00,1580.0,383.474,1443.5076655940086,734.0720541652771
2023-05-14 10:48:30,1580.0,372.571,1457.1598816957016,697.9140491466629
2023-05-14 10:49:00,1580.0,371.499,1469.446309370166,665.2661247669217
2023-05-14 10:49:30,1580.0,364.727,1480.5036351855747,635.2068928779343
2023-05-14 10:50:00,1580.0,352.6330000000001,1490.454856577259,606.9450023778832
2023-05-14 10:50:30,1560.0,361.686,1497.4103679303191,582.4155860660927
2023-05-14 10:51:00,1560.0,353.666,1503.6701386915827,559.537676048767
2023-05-14 10:51:30,1560.0,351.494,1509.3037789235868,538.730892645108
2023-05-14 10:52:00,1560.0,349.657,1514.3739308401819,519.8215274336906
2023-05-14 10:52:30,1560.0,346.412,1518.9369668919483,502.47894368780544
2023-05-14 10:53:00,1560.0,325.715,1523.043617795837,484.8010530358817
2023-05-14 10:53:30,1560.0,330.287,1526.7395375616197,469.3484705955428
2023-05-14 10:54:00,1560.0,322.316,1530.0658118535368,454.6442154179405
2023-05-14 10:54:30,1560.0,338.601,1533.0594153844534,443.03917780294495
2023-05-14 10:55:00,1560.0,324.934,1535.7536234642378,431.2280041093552
2023-05-14 10:55:30,1560.0,327.963,1538.1783823071592,420.90098755456546
2023-05-14 10:56:00,1560.0,329.782,1540.3606422387772,411.7886789095855
2023-05-14 10:56:30,1560.0,320.79,1542.3246575256348,402.6884426067897
2023-05-14 10:57:00,1560.0,300.808,1544.0922561762166,392.50002712722517
2023-05-14 10:57:30,1560.0,323.122,1545.683082724741,385.5619969036529
2023-05-14 10:58:00,1560.0,310.184,1547.114816706553,378.02397474616174
2023-05-14 10:58:30,1560.0,315.159,1548.403369261656,371.73731028894326
2023-05-14 10:59:00,1560.0,312.509,1549.5630600581994,365.8143376698544
2023-05-14 10:59:30,1560.0,315.141,1550.6067765076602,360.74689487818983
2023-05-14 11:00:00,1540.0,312.384,1549.5460783183196,355.91051174222775
2023-05-14 11:00:30,1540.0,311.225,1548.59145385031,351.44188269350235
2023-05-14 11:01:00,1540.0,313.046,1547.732294990025,347.602234202182
2023-05-14 11:01:30,1540.0,320.073,1546.9590545761027,344.8492719216537
2023-05-14 11:02:00,1540.0,310.447,1546.2631402774339,341.4090010234793
2023-05-14 11:02:30,1540.0,326.67,1545.6368190884523,339.93508406864305
2023-05-14 11:03:00,1560.0,302.524,1547.07315196009,336.1939371637678
2023-05-14 11:03:30,1560.0,307.337,1548.3658487362463,333.3082167216169
2023-05-14 11:04:00,1560.0,306.394,1549.5292735600567,330.6167726155999
2023-05-14 11:04:30,1560.0,295.605,1550.5763540589596,327.11556908897893
2023-05-14 11:05:00,1560.0,297.678,1551.5187250155293,324.1717923050213
2023-05-14 11:05:30,1560.0,288.7870000000001,1552.3668576675664,320.63329157318714
2023-05-14 11:06:00,1560.0,253.615,1553.1301760752121,313.9314257649963
2023-05-14 11:06:30,1540.0,228.787,1551.8171520051428,305.4169412812186
2023-05-14 11:07:00,1540.0,4190.106,1550.63543156997,693.8875679586168
2023-05-14 11:07:30,1540.0,4184.193,1549.5718841729035,1042.919502656564
2023-05-14 11:08:00,1540.0,8566.962,1548.61469232116,1795.3264520655127
2023-05-14 11:08:30,1540.0,11991.898,1547.753220307139,2814.9868995934007
2023-05-14 11:09:00,1540.0,15916.785,1546.9778960230833,4125.170517448768
2023-05-14 11:09:30,1540.0,15902.57,1546.2801045955696,5302.913546313699
2023-05-14 11:10:00,1540.0,19823.465,1545.6520926575968,6754.972110002939
2023-05-14 11:10:30,1540.0,19824.854,1545.086882194321,8061.963068135252
2023-05-14 11:11:00,1540.0,23702.572,1544.5781930049013,9626.026943737346
2023-05-14 11:11:30,1540.0,20040.915,1544.1203729187216,10667.517536721582
2023-05-14 11:12:00,1540.0,24182.584,1543.708334990441,12019.026270506507
2023-05-14 11:12:30,1540.0,23458.878,1543.3375009759063,13163.013033694151
2023-05-14 11:13:00,1540.0,19206.17,1543.0037504607685,13767.32948637059
2023-05-14 11:13:30,1540.0,20581.413,1542.7033750764786,14448.73860497871
2023-05-14 11:14:00,1540.0,23960.87200000001,1542.433037294878,15399.952908414416
2023-05-14 11:14:30,1540.0,23536.452,1542.1897333434886,16213.603559650404
2023-05-14 11:15:00,1540.0,24088.634,1541.9707598293994,17001.107250092813
2023-05-14 11:15:30,1560.0,20182.863,1543.7736851783668,17319.283060135247
2023-05-14 11:16:00,1560.0,23841.593,1545.396317739375,17971.514487772864
2023-05-14 11:16:30,1560.0,24555.459,1546.8566868393018,18629.90933296971
2023-05-14 11:17:00,1560.0,21866.373,1548.1710188632014,18953.555873971687
2023-05-14 11:17:30,1560.0,25266.665,1549.3539175502235,19584.867092566335
2023-05-14 11:18:00,1560.0,18879.782,1550.4185262596081,19514.358552552236
2023-05-14 11:18:30,1560.0,15564.488,1551.376674009817,19119.37134222467
2023-05-14 11:19:00,1560.0,16021.438999999997,1552.2390069135326,18809.57799853956
2023-05-14 11:19:30,1540.0,15565.968,1551.0151058329704,18485.21689553658
2023-05-14 11:20:00,1540.0,19546.617,1549.9135949344143,18591.356936360848
2023-05-14 11:20:30,1540.0,15769.867,1548.9222351856129,18309.207870047263
2023-05-14 11:21:00,1540.0,15584.834,1548.03001146021,18036.770419884204
2023-05-14 11:21:30,1540.0,16137.248,1547.2270101466474,17846.818138263337
2023-05-14 11:22:00,1360.0,12615.217,1528.504305616237,17323.65792619808
2023-05-14 11:22:30,1520.0,16566.777,1527.6538749108888,17247.969820786842
2023-05-14 11:23:00,1520.0,16423.873,1526.8884873033833,17165.560126173506
2023-05-14 11:23:30,1540.0,11762.149,1528.1996387525303,16625.218939588052
2023-05-14 11:24:00,1540.0,15976.92,1529.3796750226604,16560.389037642053
2023-05-14 11:24:30,1540.0,12395.658,1530.4417076381549,16143.915887698431
2023-05-14 11:25:00,1540.0,16342.396,1531.3975369697253,16163.7639009093
2023-05-14 11:25:30,1560.0,12126.54,1534.2577835296443,15760.041474558244
2023-05-14 11:26:00,1560.0,16030.781,1536.832005384762,15787.115429290889
2023-05-14 11:26:30,1560.0,15701.861,1539.1488050148323,15778.589985741575
2023-05-14 11:27:00,1560.0,15910.888,1541.2339246498718,15791.819788033637
2023-05-14 11:27:30,1560.0,15537.651000000002,1543.1105322954681,15766.402907732527
2023-05-14 11:28:00,1560.0,16005.312,1544.7994791554938,15790.29381822632
2023-05-14 11:28:30,1540.0,11926.075,1544.319531217036,15403.871917959345
2023-05-14 11:29:00,1540.0,16012.084,1543.8875780767767,15464.693128776165
2023-05-14 11:29:30,1540.0,11822.857,1543.4988202540687,15100.50950181841
2023-05-14 11:30:00,1540.0,11342.405,1543.1489382164873,14724.699038559875
2023-05-14 11:30:30,1540.0,11766.371,1542.8340443849772,14428.866225439475
2023-05-14 11:31:00,1540.0,11798.147,1542.5506399384917,14165.794295480913
2023-05-14 11:31:30,1540.0,7702.461999999998,1542.2955759381725,13519.46104953776
2023-05-14 11:32:00,1540.0,11810.555,1542.0660183391146,13348.570440682612
2023-05-14 11:32:30,1540.0,15999.382,1541.8594165009583,13613.651602060889
2023-05-14 11:33:00,1540.0,20633.553,1541.6734748474241,14315.641754836008
2023-05-14 11:33:30,1540.0,15451.276000000002,1541.5061273598965,14429.205181242422
2023-05-14 11:34:00,1540.0,15524.606000000002,1541.3555146216509,14538.745264758929
2023-05-14 11:34:30,1540.0,15840.093,1541.2199631576584,14668.88004003734
2023-05-14 11:35:00,1540.0,11843.752,1541.0979668404125,14386.367232605991
2023-05-14 11:35:30,1520.0,15728.526000000002,1538.9881701333336,14520.583110810941
2023-05-14 11:36:00,1540.0,19688.199,1539.0893531209945,15037.344704808276
2023-05-14 11:36:30,1540.0,20674.795,1539.1804178097004,15601.08973931359
2023-05-14 11:37:00,1520.0,20388.593,1537.2623760134622,16079.84006919318
2023-05-14 11:37:30,1520.0,15751.758,1535.5361383997488,16047.031862038819
2023-05-14 11:38:00,1500.0,15437.461,1531.9825245368609,15986.0747754419
2023-05-14 11:38:30,1500.0,20167.796,1528.7842720646154,16404.246900324357
2023-05-14 11:39:00,1480.0,20460.472,1523.9058448326753,16809.869412410364
2023-05-14 11:39:30,1480.0,24670.65700000001,1519.5152603287702,17595.94817486423
2023-05-14 11:40:00,1460.0,24624.448,1513.563734270716,18298.79816035113
2023-05-14 11:40:30,1440.0,20514.459,1506.207360815636,18520.36424515959
2023-05-14 11:41:00,1440.0,19661.331,1499.5866247113859,18634.4609210346
2023-05-14 11:41:30,1420.0,15790.573,1491.6279622157033,18350.0721280541
2023-05-14 11:42:00,1420.0,15818.591,1484.4651659742524,18096.924014546064
2023-05-14 11:42:30,1420.0,20207.537,1478.0186493607237,18307.98531361869
2023-05-14 11:43:00,1400.0,15732.081,1470.2167844071112,18050.39488167771
2023-05-14 11:43:30,1400.0,19716.957,1463.1951059521925,18217.051093847145
2023-05-14 11:44:00,1400.0,15498.551,1456.8755953454652,17945.201083967382
2023-05-14 11:44:30,1400.0,11435.937,1451.1880358015972,17294.274674503817
2023-05-14 11:45:00,1400.0,11569.075,1446.069232213887,16721.754706208947
2023-05-14 11:45:30,1400.0,11762.633,1441.4623089863826,16225.84253492971
2023-05-14 11:46:00,1380.0,11822.459,1435.316078080401,15785.50418091063
2023-05-14 11:46:30,1360.0,15929.097,1427.7844702642622,15799.863462835008
2023-05-14 11:47:00,1340.0,15668.02,1419.0060232293404,15786.679116538746
2023-05-14 11:47:30,1360.0,20004.98,1413.1054209012668,16208.509205252285
2023-05-14 11:48:00,1360.0,15478.872,1407.7948788069773,16135.545484669861
2023-05-14 11:48:30,1340.0,15714.995,1401.0153909214966,16093.490436173206
2023-05-14 11:49:00,1340.0,20964.491,1394.9138518254729,16580.590492865173
2023-05-14 11:49:30,1340.0,24983.715,1389.4224666397874,17420.90294405886
2023-05-14 11:50:00,1360.0,20316.187,1386.4802199742953,17710.431349801886
2023-05-14 11:50:30,1380.0,19676.056,1385.8321979765658,17906.993814912683
2023-05-14 11:51:00,1380.0,19504.533,1385.2489781786662,18066.747733487966
2023-05-14 11:51:30,1420.0,16049.535,1388.7240803621025,17865.026460063535
2023-05-14 11:52:00,1420.0,15556.945,1391.8516723269477,17634.218313979298
2023-05-14 11:52:30,1260.0,20122.786,1378.6665050902486,17883.075082656946
2023-05-14 11:53:00,1120.0,23905.975,1352.7998545741536,18485.365074555873
2023-05-14 11:53:30,1000.0,19392.503,1317.5198691080595,18576.0788671226
2023-05-14 11:54:00,840.0,15450.46,1269.7678821866814,18263.51698034114
2023-05-14 11:54:30,680.0,15607.823,1210.7910939562619,17997.94758225411
2023-05-14 11:55:00,500.0,15796.272,1139.711984547889,17777.780023989217
2023-05-14 11:55:30,340.0,15989.252,1059.740786080193,17598.92722156143
2023-05-14 11:56:00,186.00000000000003,20303.393,972.3667074594819,17869.373799444573
2023-05-14 11:56:30,34.0,15976.008,878.5300367012661,17680.03721947536
2023-05-14 11:57:00,32.0,15972.501,793.8770330211793,17509.283597507732
2023-05-14 11:57:30,30.0,11948.142,717.4893297109725,16953.16943769807
2023-05-14 11:58:00,30.0,15491.25,648.7403967333232,16806.977493914328
2023-05-14 11:58:30,28.0,16454.428,586.6663570546666,16771.722544519875
2023-05-14 11:59:00,28.0,15451.426,530.7997213448872,16639.692890057697
2023-05-14 11:59:30,28.0,16662.061999999998,480.5197492069052,16641.929801052083
2023-05-14 12:00:00,28.0,16248.563,435.26777428338517,16602.593120944413
2023-05-14 12:00:30,28.0,12133.253,394.54099685275474,16155.65910882482
2023-05-14 12:01:00,28.0,12269.297,357.88689716562277,15767.022897922656
2023-05-14 12:01:30,28.0,12066.092,324.8982074475568,15396.92980811352
2023-05-14 12:02:00,28.0,11833.342,295.2083867015831,15040.57102728755
2023-05-14 12:02:30,28.0,7932.378000000002,268.4875480304382,14329.751724532549
2023-05-14 12:03:00,28.0,7542.384,244.4387932265952,13651.01495205674
2023-05-14 12:03:30,28.0,8052.045,222.79491390328837,13091.117956834321
2023-05-14 12:04:00,28.0,7897.025,203.31542251243522,12571.708661136909
2023-05-14 12:04:30,28.0,3912.271,185.783880260767,11705.76489500224
2023-05-14 12:05:00,28.0,7838.894,170.0054922343463,11319.077805493585
2023-05-14 12:05:30,28.0,11932.656,155.80494301063302,11380.43562494543
2023-05-14 12:06:00,28.0,11591.748,143.024448709344,11401.56686245126
2023-05-14 12:06:30,28.0,12335.249,131.5220038382268,11494.935076207617
2023-05-14 12:07:00,28.0,11797.451,121.16980345425604,11525.186668587288
2023-05-14 12:07:30,28.0,12168.354,111.8528231087105,11589.503401729386
2023-05-14 12:08:00,28.0,12452.781,103.46754079774229,11675.831161557448
2023-05-14 12:08:30,28.0,11562.39,95.92078671788937,11664.487045401584
2023-05-14 12:09:00,28.0,15898.681,89.12870804603669,12087.906440865398
2023-05-14 12:09:30,28.0,15344.453,83.01583724138139,12413.561096781608
2023-05-14 12:10:00,30.0,15897.643999999998,77.71425351720295,12761.969387106095
2023-05-14 12:10:30,30.0,16623.692,72.94282816545001,13148.141648398128
2023-05-14 12:11:00,30.0,15732.522,68.64854534887856,13406.579683559909
2023-05-14 12:11:30,30.0,20722.452,64.78369081396929,14138.166915207972
2023-05-14 12:12:00,30.0,23949.611,61.30532173255501,15119.311323692067
2023-05-14 12:12:30,30.0,23166.42,58.17478955928546,15924.02219132647
2023-05-14 12:13:00,30.0,23739.735,55.35731060334553,16705.593472196982
2023-05-14 12:13:30,30.0,19630.823,52.82157954300176,16998.116424978347
2023-05-14 12:14:00,30.0,19822.258,50.53942158869412,17280.530582481435
2023-05-14 12:14:30,28.0,15769.454,48.28547942981807,17129.422924232847
2023-05-14 12:15:00,30.0,11307.083,46.456931486831415,16547.18893180802
2023-05-14 12:15:30,30.0,15901.986,44.81123833814435,16482.668638627063
2023-05-14 12:16:00,32.0,11649.48,43.530114504327166,15999.349774763321
2023-05-14 12:16:30,30.0,7841.013000000001,42.177103053891834,15183.516097285412
2023-05-14 12:17:00,30.0,7992.838000000002,40.959392748500534,14464.448287555619
2023-05-14 12:17:30,30.0,7921.111,39.86345347364876,13810.114558799032
2023-05-14 12:18:00,30.0,11868.601,38.877108126282494,13615.963202918854
2023-05-14 12:18:30,30.0,8254.921,37.98939731365312,13079.858982626289
2023-05-14 12:19:00,30.0,10791.735,37.190457582286896,12851.0465843634
2023-05-14 12:19:30,28.0,11970.935,36.27141182405726,12763.03542592697
2023-05-14 12:20:00,28.0,7922.516,35.44427064165077,12278.983483333826
2023-05-14 12:20:30,28.0,7852.329000000002,34.69984357748507,11836.318035000075
2023-05-14 12:21:00,30.0,7729.928000000001,34.229859219736205,11425.67903149976
2023-05-14 12:21:30,30.0,7953.606,33.806873297762294,11078.47172834955
2023-05-14 12:22:00,30.0,7969.96,33.42618596798583,10767.620555514408
2023-05-14 12:22:30,32.0,8024.743,33.28356737118717,10493.332799962818
2023-05-14 12:23:00,32.0,7866.141,33.15521063406839,10230.613619966407
2023-05-14 12:23:30,32.0,3989.12,33.0396895706615,9606.46425796949
2023-05-14 12:24:00,30.0,4200.737,32.73572061359523,9065.891532172325
2023-05-14 12:24:30,32.0,3952.861,32.66214855223568,8554.58847895491
2023-05-14 12:25:00,30.0,7994.473000000001,32.395933697012026,8498.5769310594
2023-05-14 12:25:30,30.0,11951.547,32.15634032731076,8843.873937953562
2023-05-14 12:26:00,30.0,11538.951,31.940706294579627,9113.381644158277
2023-05-14 12:26:30,30.0,15518.398,31.746635665121616,9753.883279742598
2023-05-14 12:27:00,30.0,11540.698,31.571972098609418,9932.564751768377
2023-05-14 12:27:30,30.0,11498.71,31.414774888748447,10089.17927659157
2023-05-14 12:28:00,30.0,16239.783,31.273297399873577,10704.239648932518
2023-05-14 12:28:30,30.0,15130.93,31.1459676598862,11146.908684039334
2023-05-14 12:29:00,28.0,19153.256,30.831370893897535,11947.543415635511
2023-05-14 12:29:30,30.0,18441.148,30.748233804507773,12596.903874072043
2023-05-14 12:30:00,30.0,16701.587,30.673410424056986,13007.372186664885
2023-05-14 12:30:30,30.0,16095.601,30.60606938165128,13316.195067998427
2023-05-14 12:31:00,30.0,12069.822,30.545462443486148,13191.557761198574
2023-05-14 12:31:30,32.0,16033.566,30.690916199137547,13475.758585078738
2023-05-14 12:32:00,32.0,15905.573,30.8218245792238,13718.740026570882
2023-05-14 12:32:30,34.0,11392.881,31.139642121301442,13486.154123913779
2023-05-14 12:33:00,34.0,15878.703,31.425677909171316,13725.409011522413
2023-05-14 12:33:30,34.0,12375.326,31.6831101182542,13590.400710370162
2023-05-14 12:34:00,34.0,11943.065,31.91479910642879,13425.667139333136
2023-05-14 12:34:30,32.0,16093.091,31.92331919578591,13692.409525399835
2023-05-14 12:35:00,36.00000000000001,19639.196,32.33098727620733,14287.088172859876
2023-05-14 12:35:30,34.0,19807.639,32.4978885485866,14839.143255573908
2023-05-14 12:36:00,32.0,15987.326,32.44809969372794,14953.96153001652
2023-05-14 12:36:30,32.0,19960.349,32.40328972435515,15454.600277014883
2023-05-14 12:37:00,30.0,23814.089,32.16296075191963,16290.549149313416
2023-05-14 12:37:30,32.0,19993.8,32.14666467672766,16660.87423438208
2023-05-14 12:38:00,32.0,19285.867,32.1319982090549,16923.37351094388
2023-05-14 12:38:30,32.0,15889.811000000003,32.11879838814941,16820.01725984949
2023-05-14 12:39:00,32.0,15649.972,32.106918549334466,16703.01273386454
2023-05-14 12:39:30,30.0,15727.42,31.89622669440102,16605.453460478086
2023-05-14 12:40:00,32.0,16280.583,31.906604024960913,16572.966414430277
2023-05-14 12:40:30,72.00000000000001,15513.562,35.91594362246487,16467.02597298725
2023-05-14 12:41:00,168.0,15819.732,49.12434926021852,16402.29657568852
2023-05-14 12:41:30,240.0,15638.592,68.21191433419685,16325.926118119669
2023-05-14 12:42:00,380.0,15850.013,99.39072290077743,16278.334806307701
2023-05-14 12:42:30,560.0,15616.16,145.45165061070003,16212.117325676929
2023-05-14 12:43:00,720.0,19466.282,202.90648554963042,16537.53379310924
2023-05-14 12:43:30,900.0,15887.646,272.6158369946678,16472.545013798317
2023-05-14 12:44:00,1040.0,16005.362,349.35425329520143,16425.826712418486
2023-05-14 12:44:30,1160.0,15389.075,430.41882796568166,16322.15154117664
2023-05-14 12:45:00,1340.0,21055.004,521.3769451691139,16795.436787058978
2023-05-14 12:45:30,1400.0,15628.441,609.2392506522028,16678.73720835308
2023-05-14 12:46:00,1520.0,12383.862,700.3153255869828,16249.24968751777
2023-05-14 12:46:30,1540.0,16372.836,784.2837930282848,16261.608318765993
2023-05-14 12:47:00,1540.0,16237.671,859.8554137254565,16259.214586889395
2023-05-14 12:47:30,1540.0,16132.158,927.869872352911,16246.508928200454
2023-05-14 12:48:00,1560.0,16197.295,991.08288511762,16241.58753538041
2023-05-14 12:48:30,1560.0,15529.067,1047.974596605858,16170.335481842369
2023-05-14 12:49:00,1560.0,15640.072,1099.1771369452724,16117.309133658133
2023-05-14 12:49:30,1560.0,15636.955,1145.2594232507452,16069.273720292318
2023-05-14 12:50:00,1560.0,20083.232,1186.7334809256706,16470.669548263086
2023-05-14 12:50:30,1560.0,18229.504,1224.0601328331036,16646.552993436777
2023-05-14 12:51:00,1560.0,16169.841,1257.6541195497932,16598.8817940931
2023-05-14 12:51:30,1560.0,19796.632,1287.888707594814,16918.656814683793
2023-05-14 12:52:00,1560.0,15741.359,1315.0998368353326,16800.927033215412
2023-05-14 12:52:30,1560.0,19661.064,1339.5898531517992,17086.94072989387
2023-05-14 12:53:00,1560.0,16378.639,1361.6308678366192,17016.11055690448
2023-05-14 12:53:30,1560.0,20101.43,1381.4677810529572,17324.642501214035
2023-05-14 12:54:00,1560.0,15588.405,1399.3210029476616,17151.01875109263
2023-05-14 12:54:30,1560.0,16076.501,1415.3889026528955,17043.566975983365
2023-05-14 12:55:00,1560.0,16606.529,1429.850012387606,16999.86317838503
2023-05-14 12:55:30,1420.0,12457.297,1428.8650111488455,16545.606560546523
2023-05-14 12:56:00,1560.0,15790.25,1441.9785100339611,16470.07090449187
2023-05-14 12:56:30,1560.0,15878.004,1453.7806590305652,16410.864214042682
2023-05-14 12:57:00,1560.0,12105.539,1464.4025931275087,15980.33169263841
2023-05-14 12:57:30,1560.0,11875.496,1473.9623338147578,15569.848123374566
2023-05-14 12:58:00,1560.0,12085.204,1482.5661004332821,15221.38371103711
2023-05-14 12:58:30,1560.0,12055.516,1490.309490389954,14904.796939933398
2023-05-14 12:59:00,1560.0,8186.535,1497.2785413509584,14232.970745940058
2023-05-14 12:59:30,1560.0,7674.144,1503.5506872158626,13577.088071346052
2023-05-14 13:00:00,1560.0,11892.46,1509.1956184942765,13408.625264211445
2023-05-14 13:00:30,1560.0,8231.37,1514.2760566448487,12890.8997377903
2023-05-14 13:01:00,1560.0,12343.961,1518.8484509803639,12836.205864011268
2023-05-14 13:01:30,1560.0,12002.943,1522.9636058823276,12752.879577610141
2023-05-14 13:02:00,1560.0,15775.156,1526.6672452940948,13055.107219849127
2023-05-14 13:02:30,1560.0,11065.208,1530.0005207646855,12856.117297864215
2023-05-14 13:03:00,1560.0,12265.851,1533.0004686882169,12797.090668077793
2023-05-14 13:03:30,1540.0,15259.562,1533.7004218193952,13043.337801270014
2023-05-14 13:04:00,1540.0,20032.811,1534.3303796374557,13742.285121143012
2023-05-14 13:04:30,1540.0,15520.072,1534.8973416737101,13920.063809028712
2023-05-14 13:05:00,1540.0,19842.427,1535.4076075063392,14512.30012812584
2023-05-14 13:05:30,1540.0,20077.57,1535.8668467557054,15068.827115313257
2023-05-14 13:06:00,1540.0,23100.808,1536.280162080135,15872.02520378193
2023-05-14 13:06:30,1540.0,20362.391,1536.6521458721215,16321.061783403737
2023-05-14 13:07:00,1540.0,23807.37200000001,1536.9869312849094,17069.692805063365
2023-05-14 13:07:30,1400.0,20230.776,1523.2882381564184,17385.80112455703
2023-05-14 13:08:00,1560.0,23648.266,1526.9594143407767,18012.04761210133
2023-05-14 13:08:30,1560.0,19752.913,1530.263472906699,18186.134150891197
2023-05-14 13:09:00,1560.0,23572.287,1533.237125616029,18724.749435802078
2023-05-14 13:09:30,1560.0,19913.459,1535.9134130544262,18843.62039222187
2023-05-14 13:10:00,1540.0,19334.642,1536.3220717489837,18892.722552999683
2023-05-14 13:10:30,1560.0,16382.061000000003,1538.6898645740853,18641.656397699717
2023-05-14 13:11:00,1560.0,19527.993,1540.8208781166768,18730.290057929742
2023-05-14 13:11:30,1560.0,19443.541,1542.7387903050092,18801.61515213677
2023-05-14 13:12:00,1540.0,22473.436,1542.4649112745083,19168.797236923092
2023-05-14 13:12:30,1520.0,22831.353,1540.2184201470573,19535.05281323078
2023-05-14 13:13:00,1420.0,23674.338,1528.1965781323515,19948.9813319077
2023-05-14 13:13:30,1520.0,24963.535,1527.3769203191164,20450.43669871693
2023-05-14 13:14:00,1520.0,22700.777,1526.6392282872048,20675.470728845237
2023-05-14 13:14:30,1520.0,23977.812,1525.9753054584844,21005.704855960714
2023-05-14 13:15:00,1520.0,24225.365,1525.377774912636,21327.67087036464
2023-05-14 13:15:30,1520.0,23672.308,1524.8399974213723,21562.134583328174
2023-05-14 13:16:00,1520.0,23947.619,1524.355997679235,21800.683024995356
2023-05-14 13:16:30,1540.0,23518.937,1525.9203979113117,21972.50842249582
2023-05-14 13:17:00,1560.0,20966.828,1529.3283581201806,21871.94038024624
2023-05-14 13:17:30,1560.0,16989.546000000002,1532.3955223081625,21383.700942221614
2023-05-14 13:18:00,1560.0,19714.972,1535.1559700773462,21216.828047999454
2023-05-14 13:18:30,1560.0,24652.043,1537.6403730696115,21560.349543199507
2023-05-14 13:19:00,1540.0,24108.693,1537.8763357626503,21815.183888879554
2023-05-14 13:19:30,1540.0,23228.662,1538.0887021863853,21956.5316999916
2023-05-14 13:20:00,1540.0,19743.143,1538.2798319677468,21735.19282999244
2023-05-14 13:20:30,1540.0,19696.868,1538.451848770972,21531.360346993195
2023-05-14 13:21:00,1540.0,24266.374,1538.6066638938746,21804.861712293878
2023-05-14 13:21:30,1540.0,23697.363,1538.7459975044871,21994.111841064492
2023-05-14 13:22:00,1540.0,29508.236,1538.8713977540383,22745.524256958044
2023-05-14 13:22:30,1560.0,26992.617,1540.9842579786346,23170.23353126224
2023-05-14 13:23:00,1560.0,23248.455,1542.885832180771,23178.055678136017
2023-05-14 13:23:30,1560.0,20119.269,1544.5972489626938,22872.177010322415
2023-05-14 13:24:00,1560.0,19441.012,1546.1375240664245,22529.06050929017
2023-05-14 13:24:30,1560.0,24770.991,1547.5237716597821,22753.253558361157
2023-05-14 13:25:00,1540.0,24810.62,1546.7713944938039,22958.99020252504
2023-05-14 13:25:30,1540.0,19383.004,1546.0942550444233,22601.39158227254
2023-05-14 13:26:00,1540.0,19967.473,1545.4848295399809,22337.999724045287
2023-05-14 13:26:30,1540.0,15192.315,1544.9363465859828,21623.43125164076
2023-05-14 13:27:00,1540.0,16062.286,1544.4427119273846,21067.31672647668
2023-05-14 13:27:30,1540.0,16701.261000000002,1543.9984407346462,20630.711153829012
2023-05-14 13:28:00,1540.0,19403.235,1543.5985966611815,20507.963538446107
2023-05-14 13:28:30,1540.0,24937.023,1543.2387369950634,20950.869484601495
2023-05-14 13:29:00,1540.0,19235.636,1542.914863295557,20779.346136141347
2023-05-14 13:29:30,1540.0,19931.495,1542.6233769660014,20694.561022527214
2023-05-14 13:30:00,1540.0,20071.794,1542.3610392694013,20632.28432027449
2023-05-14 13:30:30,1540.0,20404.889,1542.1249353424612,20609.54478824704
2023-05-14 13:31:00,1540.0,19984.971,1541.9124418082151,20547.087409422333
2023-05-14 13:31:30,1540.0,16301.414,1541.7211976273936,20122.5200684801
2023-05-14 13:32:00,1540.0,19518.251,1541.5490778646542,20062.09316163209
2023-05-14 13:32:30,1540.0,16024.383999999998,1541.3941700781888,19658.32224546888
2023-05-14 13:33:00,1540.0,15753.049,1541.2547530703698,19267.79492092199
2023-05-14 13:33:30,1540.0,20153.628,1541.1292777633328,19356.37822882979
2023-05-14 13:34:00,1540.0,15758.67,1541.0163499869996,18996.607405946812
2023-05-14 13:34:30,1540.0,19719.702,1540.9147149882995,19068.91686535213
2023-05-14 13:35:00,1540.0,15519.316,1540.8232434894696,18713.956778816915
2023-05-14 13:35:30,1540.0,20288.902,1540.7409191405227,18871.451300935223
2023-05-14 13:36:00,1540.0,19284.252,1540.6668272264706,18912.731370841702
2023-05-14 13:36:30,1540.0,15247.544,1540.6001445038235,18546.212633757532
2023-05-14 13:37:00,1540.0,20074.005,1540.540130053441,18698.991870381782
2023-05-14 13:37:30,1540.0,19838.64,1540.486117048097,18812.956683343607
2023-05-14 13:38:00,1540.0,20005.134,1540.4375053432873,18932.174415009245
2023-05-14 13:38:30,1540.0,23951.207,1540.3937548089586,19434.07767350832
2023-05-14 13:39:00,1540.0,20542.307,1540.3543793280628,19544.900606157487
2023-05-14 13:39:30,1560.0,24003.017000000003,1542.3189413952566,19990.712245541738
2023-05-14 13:40:00,1560.0,19510.654,1544.0870472557308,19942.706420987564
2023-05-14 13:40:30,1560.0,24471.021,1545.6783425301576,20395.53787888881
2023-05-14 13:41:00,1560.0,25006.162,1547.110508277142,20856.600290999926
2023-05-14 13:41:30,1560.0,23036.02,1548.3994574494277,21074.542261899933
2023-05-14 13:42:00,1560.0,23263.777,1549.559511704485,21293.465735709942
2023-05-14 13:42:30,1560.0,19330.857,1550.6035605340364,21097.204862138944
2023-05-14 13:43:00,1560.0,15493.671,1551.5432044806328,20536.85147592505
2023-05-14 13:43:30,1540.0,19521.214,1550.3888840325694,20435.287728332547
2023-05-14 13:44:00,1520.0,19853.194,1547.3499956293126,20377.078355499292
2023-05-14 13:44:30,1500.0,19412.166,1542.6149960663813,20280.587119949363
2023-05-14 13:45:00,1480.0,20159.984,1536.3534964597432,20268.526807954426
2023-05-14 13:45:30,1460.0,19685.261,1528.7181468137687,20210.200227158984
2023-05-14 13:46:00,1460.0,20040.349,1521.8463321323918,20193.215104443083
2023-05-14 13:46:30,1440.0,15968.021,1513.6616989191525,19770.695693998772
2023-05-14 13:47:00,1420.0,15791.16,1504.2955290272373,19372.742124598895
2023-05-14 13:47:30,1420.0,19802.318,1495.8659761245135,19415.699712139005
2023-05-14 13:48:00,1420.0,19531.965,1488.279378512062,19427.326240925104
2023-05-14 13:48:30,1420.0,16333.561000000003,1481.4514406608557,19117.949716832594
2023-05-14 13:49:00,1420.0,20957.75,1475.3062965947702,19301.929745149333
2023-05-14 13:49:30,1420.0,15433.503,1469.7756669352932,18915.0870706344
2023-05-14 13:50:00,1440.0,19902.539,1466.798100241764,19013.83226357096
2023-05-14 13:50:30,1440.0,20457.289,1464.1182902175876,19158.177937213863
2023-05-14 13:51:00,1440.0,24123.088,1461.706461195829,19654.668943492477
2023-05-14 13:51:30,1440.0,24188.24,1459.535815076246,20108.02604914323
2023-05-14 13:52:00,1440.0,24430.698,1457.5822335686214,20540.293244228906
2023-05-14 13:52:30,1420.0,19928.928,1453.8240102117593,20479.156719806015
2023-05-14 13:53:00,1420.0,19882.121,1450.4416091905832,20419.45314782541
2023-05-14 13:53:30,1420.0,19619.42,1447.3974482715248,20339.449833042865
2023-05-14 13:54:00,1440.0,23517.581,1446.6577034443724,20657.26294973858
2023-05-14 13:54:30,1420.0,19422.75,1443.9919330999353,20533.811654764722
2023-05-14 13:55:00,1420.0,19011.095,1441.5927397899418,20381.53998928825
2023-05-14 13:55:30,1400.0,16358.419,1437.4334658109476,19979.227890359423
2023-05-14 13:56:00,1400.0,19883.653,1433.6901192298528,19969.67040132348
2023-05-14 13:56:30,1400.0,15463.242,1430.3211073068676,19519.027561191135
2023-05-14 13:57:00,1400.0,20793.896,1427.2889965761808,19646.514405072023
2023-05-14 13:57:30,1400.0,23974.444,1424.5600969185627,20079.30736456482
2023-05-14 13:58:00,1380.0,20108.031000000006,1420.1040872267065,20082.179728108338
2023-05-14 13:58:30,1220.0,20584.422,1400.0936785040358,20132.403955297505
2023-05-14 13:59:00,1020.0,23728.561,1362.0843106536322,20492.019659767753
2023-05-14 13:59:30,880.0,20146.371,1313.8758795882688,20457.454793790977
2023-05-14 14:00:00,780.0,19571.667,1260.488291629442,20368.87601441188
2023-05-14 14:00:30,580.0,19741.218,1192.4394624664978,20306.11021297069
2023-05-14 14:01:00,420.0,23721.168,1115.195516219848,20647.61599167362
2023-05-14 14:01:30,300.0,18730.885,1033.6759645978632,20455.94289250626
2023-05-14 14:02:00,158.0,15070.428,946.1083681380769,19917.391403255635
2023-05-14 14:02:30,30.0,15749.235,854.4975313242692,19500.575762930068
2023-05-14 14:03:00,32.0,11808.007,772.2477781918423,18731.318886637062
2023-05-14 14:03:30,30.0,7805.133000000002,698.023000372658,17638.700297973355
2023-05-14 14:04:00,30.0,7747.922,631.2207003353922,16649.622468176018
2023-05-14 14:04:30,28.0,8032.741999999997,570.8986303018529,15787.934421358414
2023-05-14 14:05:00,28.0,7874.062,516.6087672716676,14996.547179222573
2023-05-14 14:05:30,28.0,3959.37,467.7478905445008,13892.829461300313
2023-05-14 14:06:00,28.0,4028.857,423.77310149005075,12906.432215170282
2023-05-14 14:06:30,28.0,8080.436,384.19579134104566,12423.832593653253
2023-05-14 14:07:00,28.0,11921.09,348.5762122069411,12373.558334287927
2023-05-14 14:07:30,28.0,11692.803999999998,316.5185909862469,12305.482900859135
2023-05-14 14:08:00,28.0,12266.665,287.66673188762223,12301.601110773223
2023-05-14 14:08:30,28.0,12012.353,261.70005869886,12272.6762996959
2023-05-14 14:09:00,30.0,11842.594,238.53005282897402,12229.668069726311
2023-05-14 14:09:30,30.0,11785.612,217.6770475460766,12185.262462753679
2023-05-14 14:10:00,32.0,16128.121,199.10934279146895,12579.54831647831
2023-05-14 14:10:30,32.0,19830.425,182.39840851232205,13304.63598483048
2023-05-14 14:11:00,32.0,16374.395,167.35856766108984,13611.611886347433
2023-05-14 14:11:30,32.0,15574.631,153.82271089498084,13807.913797712692
2023-05-14 14:12:00,32.0,15722.618,141.64043980548274,13999.384217941422
2023-05-14 14:12:30,32.0,19300.245,130.67639582493445,14529.470296147281
2023-05-14 14:13:00,32.0,19583.937,120.80875624244099,15034.916966532553
2023-05-14 14:13:30,32.0,19140.797,111.9278806181969,15445.504969879297
2023-05-14 14:14:00,30.0,16111.597,103.7350925563772,15512.11417289137
2023-05-14 14:14:30,30.0,12083.502,96.36158330073948,15169.252955602235
2023-05-14 14:15:00,30.0,8226.871,89.72542497066553,14475.014760042013
2023-05-14 14:15:30,34.0,7757.935,84.15288247359896,13803.30678403781
2023-05-14 14:16:00,34.0,7785.106,79.13759422623907,13201.486705634028
2023-05-14 14:16:30,32.0,7875.905,74.42383480361516,12668.928535070625
2023-05-14 14:17:00,34.0,3966.529000000002,70.38145132325364,11798.688581563561
2023-05-14 14:17:30,36.00000000000001,4059.576,66.94330619092828,11024.777323407205
2023-05-14 14:18:00,36.00000000000001,3956.91,63.84897557183545,10317.990591066484
2023-05-14 14:18:30,36.00000000000001,3936.619,61.064078014651905,9679.853431959835
2023-05-14 14:19:00,36.00000000000001,4041.209,58.55767021318671,9115.988988763851
2023-05-14 14:19:30,36.00000000000001,7771.469,56.301903191868035,8981.536989887465
2023-05-14 14:20:00,32.0,7899.316,53.87171287268123,8873.314890898719
2023-05-14 14:20:30,32.0,3981.672,51.68454158541311,8384.150601808848
2023-05-14 14:21:00,30.0,8286.671999999999,49.5160874268718,8374.40274162796
2023-05-14 14:21:30,30.0,8145.191,47.56447868418462,8351.481567465165
2023-05-14 14:22:00,28.0,12274.559,45.60803081576616,8743.789310718648
2023-05-14 14:22:30,28.0,16361.245,43.847227734189545,9505.534879646782
2023-05-14 14:23:00,28.0,19902.053,42.262504960770585,10545.186691682104
2023-05-14 14:23:30,30.0,18855.23,41.03625446469352,11376.191022513893
2023-05-14 14:24:00,28.0,15450.45,39.732629018224166,11783.616920262502
2023-05-14 14:24:30,30.0,15756.028,38.75936611640175,12180.858028236253
2023-05-14 14:25:00,30.0,19904.678,37.88342950476158,12953.240025412628
2023-05-14 14:25:30,30.0,14433.272,37.095086554285416,13101.243222871364
2023-05-14 14:26:00,28.0,16430.87,36.18557789885688,13434.20590058423
2023-05-14 14:26:30,30.0,11879.969,35.56702010897119,13278.782210525807
2023-05-14 14:27:00,32.0,8019.611,35.210318098074076,12752.865089473227
2023-05-14 14:27:30,34.0,4034.64,35.08928628826667,11881.042580525904
2023-05-14 14:28:00,34.0,3965.911,34.98035765944,11089.529422473313
2023-05-14 14:28:30,34.0,7999.505999999998,34.882321893496,10780.52708022598
2023-05-14 14:29:00,34.0,12003.162,34.7940897041464,10902.790572203381
2023-05-14 14:29:30,36.00000000000001,7813.741,34.91468073373176,10593.885614983043
2023-05-14 14:30:00,36.00000000000001,7978.2,35.02321266035858,10332.317053484738
2023-05-14 14:30:30,36.00000000000001,8741.871,35.120891394322726,10173.272448136264
2023-05-14 14:31:00,36.00000000000001,7739.148,35.20880225489045,9929.860003322638
2023-05-14 14:31:30,34.0,7852.27,35.087922029401405,9722.101002990374
2023-05-14 14:32:00,34.0,12029.086,34.97912982646127,9952.799502691336
2023-05-14 14:32:30,34.0,15986.405,34.88121684381514,10556.160052422203
2023-05-14 14:33:00,34.0,11777.422,34.793095159433626,10678.286247179984
2023-05-14 14:33:30,32.0,11816.514,34.513785643490266,10792.109022461986
2023-05-14 14:34:00,30.0,12192.402,34.062407079141245,10932.138320215787
2023-05-14 14:34:30,30.0,12011.677,33.65616637122712,11040.092188194209
2023-05-14 14:35:00,28.0,15761.842,33.090549734104414,11512.267169374789
2023-05-14 14:35:30,30.0,19851.974,32.781494760693974,12346.23785243731
2023-05-14 14:36:00,28.0,19038.335,32.30334528462458,13015.447567193582
2023-05-14 14:36:30,28.0,15235.122,31.87301075616212,13237.415010474222
2023-05-14 14:37:00,28.0,11958.691,31.48570968054591,13109.542609426799
2023-05-14 14:37:30,26.000000000000004,15735.687,30.937138712491322,13372.15704848412
2023-05-14 14:38:00,28.0,15562.233,30.643424841242187,13591.164643635708
2023-05-14 14:38:30,28.0,15403.39,30.37908235711797,13772.387179272137
2023-05-14 14:39:00,28.0,20337.234,30.141174121406173,14428.871861344924
2023-05-14 14:39:30,30.0,22009.883,30.12705670926556,15186.972975210432
2023-05-14 14:40:00,28.0,20415.77,29.914351038339003,15709.852677689387
2023-05-14 14:40:30,192.0,20769.659,46.12291593450511,16215.83330992045
2023-05-14 14:41:00,380.0,24429.803,79.51062434105462,17037.230278928408
2023-05-14 14:41:30,640.0,26032.062,135.55956190694917,17936.713451035568
2023-05-14 14:42:00,720.0,25456.757,194.00360571625427,18688.717805932014
2023-05-14 14:42:30,900.0,20278.898,264.6032451446289,18847.735825338812
2023-05-14 14:43:00,1080.0,23769.147,346.14292063016603,19339.87694280493
2023-05-14 14:43:30,1180.0,19530.651,429.5286285671495,19358.95434852444
2023-05-14 14:44:00,1380.0,19996.288,524.5757657104346,19422.687713671996
2023-05-14 14:44:30,1520.0,20096.965,624.1181891393911,19490.115442304796
2023-05-14 14:45:00,1520.0,20096.965,713.7063702254521,19550.800398074316
2023-05-14 14:45:30,1520.0,16039.46,794.3357332029069,19199.666358266884
2023-05-14 14:46:00,1520.0,19544.147,866.9021598826164,19234.114422440194
2023-05-14 14:46:30,1400.0,20426.168,920.2119438943549,19353.319780196176
2023-05-14 14:47:00,1520.0,19605.197,980.1907495049194,19378.50750217656
2023-05-14 14:47:30,1520.0,16111.503,1034.1716745544275,19051.807051958902
2023-05-14 14:48:00,1520.0,20305.27,1082.7545070989847,19177.15334676301
2023-05-14 14:48:30,1520.0,16157.309,1126.4790563890863,18875.16891208671
2023-05-14 14:49:00,1520.0,20454.664,1165.8311507501776,19033.118420878036
2023-05-14 14:49:30,1500.0,21225.366,1199.2480356751598,19252.343178790234
2023-05-14 14:50:00,1520.0,21854.123,1231.323232107644,19512.52116091121
2023-05-14 14:50:30,1500.0,20421.393,1258.1909088968796,19603.408344820087
2023-05-14 14:51:00,1500.0,20091.398,1282.3718180071917,19652.20731033808
2023-05-14 14:51:30,1500.0,24283.175,1304.1346362064726,20115.30407930427
2023-05-14 14:52:00,1520.0,24191.356,1325.7211725858253,20522.909271373843
2023-05-14 14:52:30,1520.0,19165.466,1345.1490553272429,20387.164944236458
2023-05-14 14:53:00,1520.0,23039.952,1362.6341497945186,20652.44364981281
2023-05-14 14:53:30,1520.0,23293.787,1378.370734815067,20916.57798483153
2023-05-14 14:54:00,1520.0,20516.69100000001,1392.5336613335603,20876.58928634838
2023-05-14 14:54:30,1520.0,16510.376,1405.2802952002044,20439.96795771354
2023-05-14 14:55:00,1400.0,15994.151000000002,1404.7522656801839,19995.38626194219
2023-05-14 14:55:30,1520.0,19336.8,1416.2770391121655,19929.527635747967
2023-05-14 14:56:00,1520.0,15590.978,1426.649335200949,19495.67267217317
2023-05-14 14:56:30,1500.0,15598.36,1433.9844016808543,19105.94140495585
2023-05-14 14:57:00,1520.0,19644.0,1442.585961512769,19159.747264460268
2023-05-14 14:57:30,1500.0,16119.088,1448.3273653614922,18855.68133801424
2023-05-14 14:58:00,1520.0,12130.605,1455.494628825343,18183.17370421282
2023-05-14 14:58:30,1520.0,15953.483,1461.9451659428087,17960.204633791538
2023-05-14 14:59:00,1520.0,15293.803999999998,1467.7506493485278,17693.564570412385
2023-05-14 14:59:30,1520.0,15883.024,1472.975584413675,17512.510513371148
2023-05-14 15:00:00,1520.0,15743.33,1477.6780259723075,17335.592462034034
2023-05-14 15:00:30,1520.0,15594.01,1481.9102233750768,17161.43421583063
2023-05-14 15:01:00,1540.0,15978.876,1487.719201037569,17043.178394247567
2023-05-14 15:01:30,1540.0,16486.422,1492.9472809338122,16987.50275482281
2023-05-14 15:02:00,1540.0,16198.373,1497.6525528404309,16908.589779340527
2023-05-14 15:02:30,1540.0,15515.892,1501.887297556388,16769.32000140647
2023-05-14 15:03:00,1540.0,16250.845,1505.698567800749,16717.472501265824
2023-05-14 15:03:30,1540.0,16552.7,1509.128711020674,16700.99525113924
2023-05-14 15:04:00,1540.0,11872.935,1512.2158399186067,16218.189226025317
2023-05-14 15:04:30,1540.0,12502.903,1514.994255926746,15846.660603422784
2023-05-14 15:05:00,1540.0,12351.112,1517.4948303340716,15497.105743080505
2023-05-14 15:05:30,1540.0,11953.941,1519.7453473006644,15142.789268772454
2023-05-14 15:06:00,1540.0,11637.09,1521.770812570598,14792.219341895208
2023-05-14 15:06:30,1540.0,15587.652,1523.5937313135382,14871.762607705688
2023-05-14 15:07:00,1540.0,16653.441000000006,1525.2343581821845,15049.930446935121
2023-05-14 15:07:30,1520.0,15035.362,1524.7109223639661,15048.47360224161
2023-05-14 15:08:00,1480.0,15668.489,1520.2398301275696,15110.475142017449
2023-05-14 15:08:30,1480.0,20747.068,1516.2158471148125,15674.134427815705
2023-05-14 15:09:00,1480.0,15812.629,1512.5942624033314,15687.983885034135
2023-05-14 15:09:30,1480.0,19620.937,1509.3348361629983,16081.279196530722
2023-05-14 15:10:00,1480.0,19702.995,1506.4013525466985,16443.45077687765
2023-05-14 15:10:30,1480.0,16359.25,1503.7612172920287,16435.030699189883
2023-05-14 15:11:00,1460.0,15616.147,1499.3850955628259,16353.142329270893
2023-05-14 15:11:30,1440.0,19052.989,1493.4465860065434,16623.126996343803
2023-05-14 15:12:00,1460.0,16142.323,1490.101927405889,16575.046596709424
2023-05-14 15:12:30,1500.0,19760.63,1491.0917346653002,16893.604937038483
2023-05-14 15:13:00,1500.0,19133.252,1491.9825611987703,17117.569643334635
2023-05-14 15:13:30,1500.0,23389.264,1492.784305078893,17744.73907900117
2023-05-14 15:14:00,1500.0,19808.786,1493.505874571004,17951.14377110105
2023-05-14 15:14:30,1480.0,24315.021,1492.1552871139036,18587.531493990948
2023-05-14 15:15:00,1500.0,23140.66,1492.9397584025132,19042.844344591853
2023-05-14 15:15:30,1500.0,23958.052000000003,1493.645782562262,19534.36511013267
2023-05-14 15:16:00,1520.0,24292.166,1496.2812043060358,20010.1451991194
2023-05-14 15:16:30,1520.0,24502.184,1498.6530838754322,20459.349079207463
2023-05-14 15:17:00,1520.0,23579.991,1500.7877754878891,20771.413271286718
2023-05-14 15:17:30,1520.0,24565.237,1502.7089979391003,21150.795644158046
2023-05-14 15:18:00,1520.0,20348.209,1504.4380981451905,21070.536979742243
2023-05-14 15:18:30,1520.0,24315.473,1505.9942883306715,21395.03058176802
2023-05-14 15:19:00,1540.0,23722.685,1509.3948594976043,21627.796023591218
2023-05-14 15:19:30,1540.0,23603.766,1512.455373547844,21825.393021232096
2023-05-14 15:20:00,1520.0,23965.772,1513.2098361930596,22039.430919108887
2023-05-14 15:20:30,1500.0,23764.144,1511.8888525737536,22211.902227198
2023-05-14 15:21:00,1500.0,23504.327,1510.6999673163782,22341.1447044782
2023-05-14 15:21:30,1500.0,22509.31,1509.6299705847405,22357.96123403038
2023-05-14 15:22:00,1500.0,20435.309,1508.6669735262665,22165.69601062734
2023-05-14 15:22:30,1500.0,20092.936,1507.8002761736398,21958.42000956461
2023-05-14 15:23:00,1500.0,15705.313999999997,1507.0202485562759,21333.109408608147
2023-05-14 15:23:30,1500.0,16018.25,1506.3182237006483,20801.62346774733
2023-05-14 15:24:00,1500.0,16372.023,1505.6864013305835,20358.663420972593
2023-05-14 15:24:30,1520.0,11641.88,1507.1177611975252,19486.985078875332
2023-05-14 15:25:00,1520.0,8054.050999999998,1508.4059850777726,18343.6916709878
2023-05-14 15:25:30,1520.0,11880.167,1509.5653865699953,17697.339203889016
2023-05-14 15:26:00,1520.0,12055.09,1510.6088479129958,17133.114283500116
2023-05-14 15:26:30,1520.0,8555.072,1511.5479631216963,16275.310055150107
2023-05-14 15:27:00,1520.0,11551.204,1512.3931668095265,15802.899449635095
2023-05-14 15:27:30,1520.0,11910.857,1513.153850128574,15413.695204671585
2023-05-14 15:28:00,1520.0,11964.924,1513.8384651157166,15068.818084204426
2023-05-14 15:28:30,1520.0,11843.376,1514.454618604145,14746.273875783983
2023-05-14 15:29:00,1520.0,16224.533,1515.0091567437305,14894.099788205584
2023-05-14 15:29:30,1520.0,19674.038,1515.5082410693576,15372.093609385027
2023-05-14 15:30:00,1520.0,15805.726,1515.957416962422,15415.456848446524
2023-05-14 15:30:30,1520.0,15812.508999999998,1516.3616752661799,15455.162063601872
2023-05-14 15:31:00,1540.0,19652.662,1518.7255077395619,15874.912057241687
2023-05-14 15:31:30,1540.0,15536.192,1520.8529569656057,15841.040051517519
2023-05-14 15:32:00,1540.0,15656.581,1522.7676612690452,15822.594146365767
2023-05-14 15:32:30,1520.0,12070.266,1522.4908951421407,15447.361331729191
2023-05-14 15:33:00,1540.0,15786.5,1524.2418056279266,15481.275198556274
2023-05-14 15:33:30,1520.0,16100.034,1523.817625065134,15543.151078700643
2023-05-14 15:34:00,1540.0,12317.924,1525.4358625586208,15220.628370830578
2023-05-14 15:34:30,1540.0,11964.567,1526.8922763027585,14895.02223374752
2023-05-14 15:35:00,1540.0,15717.834,1528.2030486724827,14977.30341037277
2023-05-14 15:35:30,1540.0,11842.119,1529.3827438052344,14663.784969335493
2023-05-14 15:36:00,1540.0,16474.146,1530.444469424711,14844.821072401945
2023-05-14 15:36:30,1540.0,19775.498,1531.40002248224,15337.888765161748
2023-05-14 15:37:00,1540.0,19107.188,1532.260020234016,15714.818688645571
2023-05-14 15:37:30,1540.0,15748.087,1533.0340182106145,15718.145519781014
2023-05-14 15:38:00,1540.0,15634.546,1533.730616389553,15709.785567802912
2023-05-14 15:38:30,1540.0,19797.689,1534.3575547505977,16118.57591102262
2023-05-14 15:39:00,1540.0,19842.212,1534.921799275538,16490.93951992036
2023-05-14 15:39:30,1540.0,19951.666,1535.429619347984,16837.012167928326
2023-05-14 15:40:00,1540.0,19878.897,1535.8866574131857,17141.200651135496
2023-05-14 15:40:30,1540.0,19622.653,1536.297991671867,17389.345886021947
2023-05-14 15:41:00,1540.0,15972.178,1536.6681925046805,17247.629097419755
2023-05-14 15:41:30,1520.0,20680.423,1535.0013732542125,17590.90848767778
2023-05-14 15:42:00,1520.0,20152.193,1533.5012359287912,17847.036938910005
2023-05-14 15:42:30,1480.0,18665.784,1528.151112335912,17928.911645019005
2023-05-14 15:43:00,1460.0,15981.676,1521.3360011023208,17734.188080517106
2023-05-14 15:43:30,1460.0,20372.308,1515.2024009920888,17998.000072465395
2023-05-14 15:44:00,1440.0,16292.782,1507.68216089288,17827.478265218855
2023-05-14 15:44:30,1420.0,20788.138,1498.913944803592,18123.54423869697
2023-05-14 15:45:00,1420.0,19911.475,1491.0225503232327,18302.337314827273
2023-05-14 15:45:30,1400.0,20181.03,1481.9202952909095,18490.206583344545
2023-05-14 15:46:00,1400.0,15783.506,1473.7282657618186,18219.536525010088
2023-05-14 15:46:30,1400.0,15663.427,1466.3554391856367,17963.925572509077
2023-05-14 15:47:00,1400.0,15881.398,1459.719895267073,17755.672815258167
2023-05-14 15:47:30,1420.0,12687.112,1455.747905740366,17248.81673373235
2023-05-14 15:48:00,1420.0,15208.687,1452.1731151663294,17044.803760359115
2023-05-14 15:48:30,1420.0,19311.909,1448.9558036496962,17271.514284323206
2023-05-14 15:49:00,1400.0,15231.514,1444.0602232847266,17067.514255890885
2023-05-14 15:49:30,1400.0,15500.305,1439.654200956254,16910.793330301796
2023-05-14 15:50:00,1400.0,19329.056,1435.6887808606286,17152.61959727162
2023-05-14 15:50:30,1400.0,19944.61,1432.1199027745658,17431.818637544457
2023-05-14 15:51:00,1380.0,23678.846,1426.9079124971092,18056.521373790012
2023-05-14 15:51:30,1380.0,23885.687,1422.2171212473984,18639.43793641101
2023-05-14 15:52:00,1380.0,27825.89,1417.9954091226587,19558.083142769912
2023-05-14 15:52:30,1380.0,24715.47,1414.195868210393,20073.82182849292
2023-05-14 15:53:00,1380.0,19964.034,1410.7762813893537,20062.84304564363
2023-05-14 15:53:30,1380.0,22657.137,1407.6986532504184,20322.272441079265
2023-05-14 15:54:00,1380.0,21083.784,1404.9287879253766,20398.42359697134
2023-05-14 15:54:30,1400.0,20022.863,1404.435909132839,20360.867537274207
2023-05-14 15:55:00,1400.0,19421.469,1403.992318219555,20266.92768354679
2023-05-14 15:55:30,1400.0,20396.401,1403.5930863975996,20279.875015192112
2023-05-14 15:56:00,1300.0,15730.398,1393.2337777578396,19824.9273136729
2023-05-14 15:56:30,1120.0,15930.223999999998,1365.9103999820557,19435.456982305608
2023-05-14 15:57:00,980.0,15408.096,1327.31935998385,19032.720884075046
2023-05-14 15:57:30,820.0,19716.038,1276.587423985465,19101.05259566754
2023-05-14 15:58:00,680.0,19934.713,1216.9286815869184,19184.41863610079
2023-05-14 15:58:30,380.0,16222.094,1133.2358134282265,18888.18617249071
2023-05-14 15:59:00,360.0,20033.505,1055.9122320854037,19002.71805524164
2023-05-14 15:59:30,240.0,20062.559,974.3210088768634,19108.702149717476
2023-05-14 16:00:00,102.0,15708.381,887.0889079891771,18768.670034745726
2023-05-14 16:00:30,28.0,16220.41,801.1800171902593,18513.844031271154
2023-05-14 16:01:00,30.0,12335.37,724.0620154712333,17895.99662814404
2023-05-14 16:01:30,32.0,12211.104,654.85581392411,17327.507365329635
2023-05-14 16:02:00,32.0,8009.906,592.5702325316989,16395.74722879667
2023-05-14 16:02:30,34.0,4142.612,536.713209278529,15170.433705917003
2023-05-14 16:03:00,34.0,4060.211,486.44188835067604,14059.411435325303
2023-05-14 16:03:30,34.0,3943.152,441.19769951560846,13047.78549179277
2023-05-14 16:04:00,34.0,3828.495,400.4779295640476,12125.856442613493
2023-05-14 16:04:30,34.0,7336.529,363.8301366076428,11646.923698352142
2023-05-14 16:05:00,34.0,8141.608,330.8471229468785,11296.392128516929
2023-05-14 16:05:30,34.0,7675.333,301.16241065219066,10934.286215665235
2023-05-14 16:06:00,34.0,7640.634,274.44616958697156,10604.920994098713
2023-05-14 16:06:30,32.0,7907.007,250.20155262827438,10335.129594688842
2023-05-14 16:07:00,32.0,7479.7,228.38139736544693,10049.586635219957
2023-05-14 16:07:30,32.0,7967.973000000001,208.74325762890223,9841.42527169796
2023-05-14 16:08:00,32.0,3907.127,191.068931866012,9247.995444528164
2023-05-14 16:08:30,32.0,4040.843,175.1620386794108,8727.280200075347
2023-05-14 16:09:00,32.0,2.238,160.84583481146973,7854.775980067811
2023-05-14 16:09:30,28.0,3990.537,147.56125133032276,7468.352082061029
2023-05-14 16:10:00,30.0,8338.623,135.8051261972905,7555.379173854926
2023-05-14 16:10:30,32.0,8136.651,125.42461357756144,7613.506356469434
2023-05-14 16:11:00,32.0,8019.227,116.08215221980531,7654.07842082249
2023-05-14 16:11:30,32.0,12067.039,107.67393699782477,8095.374478740242
2023-05-14 16:12:00,32.0,15985.549,100.10654329804228,8884.391930866219
2023-05-14 16:12:30,32.0,16444.834,93.29588896823805,9640.436137779598
2023-05-14 16:13:00,34.0,15535.379,87.36630007141424,10229.930424001637
2023-05-14 16:13:30,34.0,16680.129,82.02967006427282,10874.950281601474
2023-05-14 16:14:00,32.0,16754.817,77.02670305784554,11462.936953441325
2023-05-14 16:14:30,32.0,11660.254,72.52403275206098,11482.668658097193
2023-05-14 16:15:00,32.0,11730.177,68.47162947685489,11507.419492287472
2023-05-14 16:15:30,32.0,15907.478,64.8244665291694,11947.425343058727
2023-05-14 16:16:00,34.0,12167.173,61.742019876252456,11969.400108752854
2023-05-14 16:16:30,32.0,11722.983,58.76781788862721,11944.75839787757
2023-05-14 16:17:00,32.0,11766.288,56.09103609976448,11926.911358089812
2023-05-14 16:17:30,32.0,12342.868,53.68193248978803,11968.507022280832
2023-05-14 16:18:00,32.0,11773.645,51.51373924080922,11949.020820052749
2023-05-14 16:18:30,32.0,11644.012,49.5623653167283,11918.519938047473
2023-05-14 16:19:00,34.0,11848.76,48.006128785055466,11911.543944242725
2023-05-14 16:19:30,32.0,16056.932,46.405515906549915,12326.082749818452
2023-05-14 16:20:00,32.0,11947.32,44.964964315894925,12288.206474836605
2023-05-14 16:20:30,30.0,12001.508999999998,43.46846788430543,12259.536727352945
2023-05-14 16:21:00,32.0,7925.558000000001,42.32162109587489,11826.138854617651
2023-05-14 16:21:30,32.0,7713.387,41.2894589862874,11414.863669155886
2023-05-14 16:22:00,34.0,7712.016,40.560513087658656,11044.578902240297
2023-05-14 16:22:30,34.0,7592.67,39.90446177889279,10699.388012016267
2023-05-14 16:23:00,34.0,3841.878,39.31401560100351,10013.637010814638
2023-05-14 16:23:30,34.0,4010.934,38.78261404090316,9413.366709733173
2023-05-14 16:24:00,34.0,1.942,38.304352636812844,8472.224238759854
2023-05-14 16:24:30,36.00000000000001,1.843,38.073917373131565,7625.186114883868
2023-05-14 16:25:00,36.00000000000001,3825.695,37.866525635818405,7245.237003395482
2023-05-14 16:25:30,36.00000000000001,3926.425,37.67987307223657,6913.355803055934
2023-05-14 16:26:00,34.0,8253.110999999999,37.31188576501291,7047.331322750341
2023-05-14 16:26:30,34.0,7925.626999999998,36.98069718851162,7135.160890475307
2023-05-14 16:27:00,36.00000000000001,12000.6,36.88262746966046,7621.704801427776
2023-05-14 16:27:30,34.0,11814.305,36.59436472269442,8040.964821284999
2023-05-14 16:28:00,34.0,15941.831,36.33492825042498,8831.0514391565
2023-05-14 16:28:30,34.0,19487.574,36.10143542538248,9896.703695240849
2023-05-14 16:29:00,32.0,20386.036,35.69129188284423,10945.636925716764
2023-05-14 16:29:30,32.0,15745.528,35.32216269455981,11425.626033145089
2023-05-14 16:30:00,32.0,15333.156,34.989946425103824,11816.379029830581
2023-05-14 16:30:30,32.0,11380.041,34.690951782593444,11772.745226847523
2023-05-14 16:31:00,32.0,15660.437,34.421856604334096,12161.514404162772
2023-05-14 16:31:30,30.0,12426.387,33.979670943900686,12188.001663746494
2023-05-14 16:32:00,30.0,12023.863,33.58170384951062,12171.587797371845
2023-05-14 16:32:30,30.0,11243.488,33.22353346455956,12078.777817634662
2023-05-14 16:33:00,30.0,8025.758000000002,32.9011801181036,11673.475835871197
2023-05-14 16:33:30,30.0,7834.845,32.61106210629324,11289.612752284078
2023-05-14 16:34:00,30.0,12332.768999999998,32.34995589566391,11393.92837705567
2023-05-14 16:34:30,30.0,12344.178,32.11496030609752,11488.953339350102
2023-05-14 16:35:00,102.0,12423.79,39.103464275487774,11582.437005415093
2023-05-14 16:35:30,320.0,11957.59,67.193117847939,11619.952304873585
2023-05-14 16:36:00,420.0,15760.578,102.47380606314512,12034.014874386226
2023-05-14 16:36:30,620.0,20451.657,154.22642545683064,12875.779086947605
2023-05-14 16:37:00,800.0,16503.377,218.8037829111476,13238.538878252844
2023-05-14 16:37:30,940.0,19518.689,290.9234046200329,13866.553890427558
2023-05-14 16:38:00,1100.0,19912.774,371.8310641580296,14471.175901384802
2023-05-14 16:38:30,1260.0,19188.266,460.6479577422267,14942.884911246321
2023-05-14 16:39:00,1440.0,19398.142,558.5831619680041,15388.41062012169
2023-05-14 16:39:30,1520.0,22952.311,654.7248457712037,16144.80065810952
2023-05-14 16:40:00,1520.0,24628.81600000001,741.2523611940834,16993.20219229857
2023-05-14 16:40:30,1520.0,19132.19,819.1271250746751,17207.100973068715
2023-05-14 16:41:00,1520.0,15302.723999999998,889.2144125672077,17016.663275761843
2023-05-14 16:41:30,1540.0,19338.493,954.2929713104869,17248.84624818566
2023-05-14 16:42:00,1540.0,15785.917,1012.8636741794382,17102.55332336709
2023-05-14 16:42:30,1540.0,19377.779,1065.5773067614944,17330.07589103038
2023-05-14 16:43:00,1540.0,15838.807,1113.0195760853449,17180.949001927343
2023-05-14 16:43:30,1540.0,20246.371,1155.7176184768105,17487.49120173461
2023-05-14 16:44:00,1540.0,15789.465,1194.1458566291294,17317.68858156115
2023-05-14 16:44:30,1540.0,16053.697,1228.7312709662165,17191.289423405033
2023-05-14 16:45:00,1540.0,20110.998,1259.8581438695949,17483.26028106453
2023-05-14 16:45:30,1540.0,22831.575,1287.8723294826352,18018.091752958077
2023-05-14 16:46:00,1460.0,19871.791,1305.0850965343718,18203.461677662268
2023-05-14 16:46:30,1540.0,23911.418,1328.5765868809347,18774.257309896042
2023-05-14 16:47:00,1540.0,19858.646,1349.718928192841,18882.696178906437
2023-05-14 16:47:30,1540.0,19872.708,1368.7470353735569,18981.697361015795
2023-05-14 16:48:00,1540.0,19329.713,1385.8723318362013,19016.498924914213
2023-05-14 16:48:30,1540.0,20248.977,1401.2850986525812,19139.74673242279
2023-05-14 16:49:00,1540.0,19248.369,1415.156588787323,19150.60895918051
2023-05-14 16:49:30,1540.0,19761.378,1427.6409299085906,19211.68586326246
2023-05-14 16:50:00,1540.0,19448.351,1438.8768369177315,19235.352376936215
2023-05-14 16:50:30,1400.0,16242.067,1434.9891532259583,18936.023839242596
2023-05-14 16:51:00,1540.0,20610.696,1445.4902379033624,19103.491055318336
2023-05-14 16:51:30,1540.0,19671.753,1454.9412141130263,19160.3172497865
2023-05-14 16:52:00,1540.0,19889.436,1463.4470927017235,19233.22912480785
2023-05-14 16:52:30,1540.0,19986.752,1471.102383431551,19308.58141232707
2023-05-14 16:53:00,1560.0,20548.637,1479.992145088396,19432.58697109436
2023-05-14 16:53:30,1540.0,19442.117,1485.9929305795565,19433.539973984924
2023-05-14 16:54:00,1540.0,16392.331000000002,1491.3936375216008,19129.419076586433
2023-05-14 16:54:30,1540.0,15985.889,1496.2542737694407,18815.066068927787
2023-05-14 16:55:00,1540.0,18672.217,1500.6288463924966,18800.78116203501
2023-05-14 16:55:30,1540.0,16006.151000000002,1504.565961753247,18521.318145831512
2023-05-14 16:56:00,1540.0,16567.547,1508.1093655779223,18325.94103124836
2023-05-14 16:56:30,1540.0,20874.699,1511.2984290201302,18580.816828123523
2023-05-14 16:57:00,1540.0,15815.107,1514.1685861181172,18304.24584531117
2023-05-14 16:57:30,1540.0,15168.231000000002,1516.7517275063055,17990.64436078005
2023-05-14 16:58:00,1540.0,16112.011,1519.076554755675,17802.781024702046
2023-05-14 16:58:30,1540.0,18182.679,1521.1688992801076,17840.770822231843
2023-05-14 16:59:00,1460.0,19816.454,1515.0520093520968,18038.33914000866
2023-05-14 16:59:30,1560.0,14954.022,1519.546808416887,17729.90742600779
2023-05-14 17:00:00,1460.0,12182.589,1513.5921275751982,17175.175583407014
2023-05-14 17:00:30,1560.0,15766.795,1518.2329148176784,17034.337525066316
2023-05-14 17:01:00,1560.0,11505.275,1522.4096233359105,16481.431272559683
2023-05-14 17:01:30,1560.0,12014.569,1526.1686610023196,16034.745045303713
2023-05-14 17:02:00,1560.0,15796.307,1529.5517949020877,16010.90124077334
2023-05-14 17:02:30,1560.0,12209.118,1532.596615411879,15630.722916696004
2023-05-14 17:03:00,1560.0,15061.809,1535.336953870691,15573.831525026404
2023-05-14 17:03:30,1280.0,12067.062,1509.803258483622,15223.154572523763
2023-05-14 17:04:00,1540.0,16809.043999999998,1512.8229326352598,15381.743515271388
2023-05-14 17:04:30,1540.0,20705.517,1515.540639371734,15914.120863744249
2023-05-14 17:05:00,1540.0,15726.257,1517.9865754345606,15895.334477369825
2023-05-14 17:05:30,1520.0,19606.666,1518.1879178911045,16266.467629632843
2023-05-14 17:06:00,1520.0,23589.048,1518.369126101994,16998.72566666956
2023-05-14 17:06:30,1500.0,20027.511,1516.5322134917947,17301.604200002603
2023-05-14 17:07:00,1500.0,23203.81700000001,1514.878992142615,17891.825480002342
2023-05-14 17:07:30,1500.0,19969.592,1513.3910929283536,18099.602132002106
2023-05-14 17:08:00,1500.0,22053.675,1512.0519836355181,18495.009418801896
2023-05-14 17:08:30,1500.0,19360.252,1510.8467852719664,18581.533676921707
2023-05-14 17:09:00,1520.0,19365.935,1511.7621067447699,18659.973809229534
2023-05-14 17:09:30,1520.0,19944.48,1512.5858960702928,18788.424428306582
2023-05-14 17:10:00,1520.0,16288.559,1513.3273064632635,18538.437885475927
2023-05-14 17:10:30,1520.0,16414.483,1513.9945758169372,18326.042396928337
2023-05-14 17:11:00,1540.0,16217.821000000002,1516.5951182352435,18115.2202572355
2023-05-14 17:11:30,1540.0,15782.043,1518.9356064117192,17881.90253151195
2023-05-14 17:12:00,1540.0,15125.567,1521.0420457705472,17606.268978360757
2023-05-14 17:12:30,1540.0,15696.234,1522.9378411934924,17415.265480524682
2023-05-14 17:13:00,1520.0,15866.887,1522.6440570741433,17260.427632472212
2023-05-14 17:13:30,1520.0,11924.133,1522.3796513667291,16726.798169224992
2023-05-14 17:14:00,1520.0,15363.731000000002,1522.1416862300562,16590.491452302493
2023-05-14 17:14:30,1520.0,15999.312,1521.9275176070505,16531.373507072243
2023-05-14 17:15:00,1520.0,15313.298,1521.7347658463455,16409.56595636502
2023-05-14 17:15:30,1500.0,15851.806,1519.561289261711,16353.789960728518
2023-05-14 17:16:00,1500.0,15993.215,1517.60516033554,16317.732464655666
2023-05-14 17:16:30,1500.0,19732.405,1515.844644301986,16659.199718190102
2023-05-14 17:17:00,1500.0,19798.436,1514.2601798717874,16973.12334637109
2023-05-14 17:17:30,1520.0,19742.02,1514.8341618846086,17250.01301173398
2023-05-14 17:18:00,1520.0,23293.072,1515.350745696148,17854.31891056058
2023-05-14 17:18:30,1520.0,19984.643,1515.815671126533,18067.351319504523
2023-05-14 17:19:00,1520.0,23523.241,1516.23410401388,18612.940287554073
2023-05-14 17:19:30,1500.0,20421.131,1514.610693612492,18793.759358798663
2023-05-14 17:20:00,1520.0,23909.112,1515.1496242512428,19305.294622918795
2023-05-14 17:20:30,1520.0,20393.125,1515.6346618261186,19414.077660626914
2023-05-14 17:21:00,1520.0,20423.984,1516.0711956435068,19515.068294564222
2023-05-14 17:21:30,1520.0,15720.365,1516.4640760791563,19135.597965107798
2023-05-14 17:22:00,1520.0,15684.589,1516.8176684712407,18790.49706859702
2023-05-14 17:22:30,1520.0,12406.75,1517.1359016241167,18152.122361737314
2023-05-14 17:23:00,1520.0,15850.416,1517.4223114617052,17921.951725563584
2023-05-14 17:23:30,1520.0,12104.404,1517.6800803155347,17340.196953007227
2023-05-14 17:24:00,1540.0,15686.465,1519.9120722839814,17174.823757706505
2023-05-14 17:24:30,1520.0,11766.752,1519.9208650555831,16634.016581935855
2023-05-14 17:25:00,1520.0,15318.178999999998,1519.9287785500248,16502.43282374227
2023-05-14 17:25:30,1540.0,15576.513,1521.9359006950224,16409.840841368044
2023-05-14 17:26:00,1540.0,19977.715,1523.74231062552,16766.62825723124
2023-05-14 17:26:30,1540.0,19659.7,1525.368079562968,17055.93543150812
2023-05-14 17:27:00,1540.0,21736.045,1526.8312716066712,17523.946388357304
2023-05-14 17:27:30,1540.0,21167.085,1528.1481444460042,17888.260249521572
2023-05-14 17:28:00,1540.0,22918.754,1529.3333300014037,18391.309624569414
2023-05-14 17:28:30,1540.0,20013.475,1530.3999970012635,18553.526162112474
2023-05-14 17:29:00,1540.0,23960.347,1531.3599973011371,19094.208245901227
2023-05-14 17:29:30,1540.0,20615.245,1532.2239975710236,19246.311921311106
2023-05-14 17:30:00,1540.0,20049.529,1533.0015978139213,19326.633629179996
2023-05-14 17:30:30,1540.0,16245.177,1533.701438032529,19018.487966261993
2023-05-14 17:31:00,1540.0,20363.856,1534.3312942292762,19153.024769635795
2023-05-14 17:31:30,1540.0,19878.326,1534.8981648063486,19225.554892672215
2023-05-14 17:32:00,1380.0,18976.117,1519.4083483257136,19200.611103404994
2023-05-14 17:32:30,1460.0,20014.003,1513.4675134931422,19281.950293064496
2023-05-14 17:33:00,1540.0,20417.94100000001,1516.120762143828,19395.549363758048
2023-05-14 17:33:30,1540.0,20289.081,1518.5086859294452,19484.902527382244
2023-05-14 17:34:00,1540.0,20262.912,1520.6578173365006,19562.70347464402
2023-05-14 17:34:30,1540.0,20311.06,1522.5920356028505,19637.539127179614
2023-05-14 17:35:00,1540.0,23797.147,1524.3328320425653,20053.499914461652
2023-05-14 17:35:30,1540.0,20339.643,1525.8995488383089,20082.114223015487
2023-05-14 17:36:00,1520.0,20272.016,1525.309593954478,20101.10440071394
2023-05-14 17:36:30,1500.0,20682.089,1522.7786345590303,20159.20286064255
2023-05-14 17:37:00,1460.0,21916.596,1516.5007711031274,20334.942174578293
2023-05-14 17:37:30,1460.0,19203.843,1510.8506939928147,20221.832257120463
2023-05-14 17:38:00,1440.0,19448.357,1503.7656245935332,20144.484731408415
2023-05-14 17:38:30,1400.0,19408.89,1493.3890621341798,20070.925258267573
2023-05-14 17:39:00,1360.0,19725.615,1480.0501559207619,20036.394232440816
2023-05-14 17:39:30,1340.0,19469.804,1466.0451403286856,19979.735209196737
2023-05-14 17:40:00,1320.0,19629.225,1451.440626295817,19944.684188277064
2023-05-14 17:40:30,1320.0,20018.213,1438.2965636662354,19952.037069449358
2023-05-14 17:41:00,1320.0,19556.486,1426.4669072996119,19912.481962504422
2023-05-14 17:41:30,1320.0,19822.277,1415.8202165696507,19903.46146625398
2023-05-14 17:42:00,1320.0,23967.265,1406.2381949126857,20309.841819628582
2023-05-14 17:42:30,1340.0,19610.195,1399.614375421417,20239.877137665724
2023-05-14 17:43:00,1360.0,23302.4,1395.6529378792752,20546.12942389915
2023-05-14 17:43:30,1380.0,19421.621,1394.0876440913476,20433.678581509237
2023-05-14 17:44:00,1400.0,15787.497,1394.6788796822127,19969.060423358314
2023-05-14 17:44:30,1400.0,15836.345,1395.2109917139915,19555.788881022483
2023-05-14 17:45:00,1400.0,11766.652,1395.6898925425924,18776.875192920234
2023-05-14 17:45:30,1400.0,12161.651000000002,1396.120903288333,18115.35277362821
2023-05-14 17:46:00,1400.0,11978.589,1396.5088129594997,17501.67639626539
2023-05-14 17:46:30,1420.0,8091.86,1398.8579316635496,16560.694756638848
2023-05-14 17:47:00,1400.0,8136.715,1398.9721384971947,15718.296780974963
2023-05-14 17:47:30,1400.0,7887.533,1399.0749246474752,14935.220402877465
2023-05-14 17:48:00,1400.0,12079.296,1399.1674321827277,14649.62796258972
2023-05-14 17:48:30,1380.0,15779.312,1397.2506889644549,14762.59636633075
2023-05-14 17:49:00,1380.0,16235.633999999998,1395.5256200680094,14909.900129697675
2023-05-14 17:49:30,1360.0,19735.444,1391.9730580612083,15392.454516727908
2023-05-14 17:50:00,1360.0,15791.247,1388.7757522550876,15432.333765055117
2023-05-14 17:50:30,1340.0,19659.086,1383.8981770295788,15855.008988549607
2023-05-14 17:51:00,1320.0,20015.107,1377.508359326621,16271.018789694645
2023-05-14 17:51:30,1280.0,23818.279,1367.757523393959,17025.74481072518
2023-05-14 17:52:00,1080.0,19825.823,1338.981771054563,17305.752629652663
2023-05-14 17:52:30,1000.0,16397.029,1305.0835939491067,17214.880266687396
2023-05-14 17:53:00,800.0,11854.01,1254.575234554196,16678.79324001866
2023-05-14 17:53:30,700.0,11390.641,1199.1177110987765,16149.978016016792
2023-05-14 17:54:00,580.0,12040.876,1137.2059399888988,15739.067814415112
2023-05-14 17:54:30,440.0,15969.348999999998,1067.485345990009,15762.095932973598
2023-05-14 17:55:00,280.0,12104.369,988.7368113910079,15396.323239676238
2023-05-14 17:55:30,148.00000000000003,15738.037,904.6631302519071,15430.494615708614
2023-05-14 17:56:00,30.0,15992.409,817.1968172267163,15486.686054137754
2023-05-14 17:56:30,30.0,16513.162,738.4771355040447,15589.333648723981
2023-05-14 17:57:00,30.0,15299.661,667.6294219536402,15560.36638385158
2023-05-14 17:57:30,28.0,15879.821000000002,603.6664797582762,15592.311845466422
2023-05-14 17:58:00,28.0,16197.04,546.0998317824485,15652.784660919782
2023-05-14 17:58:30,28.0,15221.415,494.28984860420366,15609.647694827805
2023-05-14 17:59:00,28.0,11958.606000000002,447.66086374378324,15244.543525345023
2023-05-14 17:59:30,28.0,11454.993,405.6947773694049,14865.588472810521
2023-05-14 18:00:00,28.0,12117.627,367.9252996324644,14590.79232552947
2023-05-14 18:00:30,28.0,11865.508,333.9327696692179,14318.263892976522
2023-05-14 18:01:00,28.0,11864.617,303.3394927022961,14072.899203678871
2023-05-14 18:01:30,30.0,11965.258,276.00554343206653,13862.135083310983
2023-05-14 18:02:00,30.0,12179.22,251.40498908885988,13693.843574979883
2023-05-14 18:02:30,32.0,11766.559,229.46449017997386,13501.115117481893
2023-05-14 18:03:00,32.0,11917.766,209.7180411619765,13342.780205733703
2023-05-14 18:03:30,32.0,11430.399,191.94623704577884,13151.542085160334
2023-05-14 18:04:00,32.0,15102.404,175.95161334120095,13346.628276644302
2023-05-14 18:04:30,32.0,11991.132,161.55645200708085,13211.078648979872
2023-05-14 18:05:00,32.0,7856.655,148.60080680637276,12675.636284081886
2023-05-14 18:05:30,32.0,7665.505,136.9407261257355,12174.623155673697
2023-05-14 18:06:00,32.0,11114.332,126.44665351316193,12068.594040106327
2023-05-14 18:06:30,32.0,12346.661,117.00198816184574,12096.400736095697
2023-05-14 18:07:00,32.0,16249.317,108.50178934566117,12511.692362486127
2023-05-14 18:07:30,32.0,15939.19,100.85161041109504,12854.442126237514
2023-05-14 18:08:00,32.0,15006.122,93.96644936998553,13069.610113613764
2023-05-14 18:08:30,32.0,16816.086,87.76980443298697,13444.25770225239
2023-05-14 18:09:00,28.0,16987.965,81.79282398968827,13798.62843202715
